Date,Headline
2012-06-06,Twitter's mobile revenue surpassed Web on many days: CEO
2012-06-07,"Facebook, Microsoft said shopping Manhattan space"
2012-06-08,UPDATE 1-UBS losses on Facebook as high as $350 mln-CNBC
2012-06-11,Facebook to join Russell 3000 index
2012-06-12,Facebook consultant argues that website's ads work
2012-06-14,Nasdaq to skip U.S. House market hearing
2012-06-15,WRAPUP 1-Facebook sketches out IPO-mess defense; CTO departs
2012-06-16,Facebook to pay $10 million to settle suit
2012-06-17,Big investors on sidelines in Facebook case: Frankel
2012-06-18,UPDATE 4-Facebook to buy facial-recognition startup - sources
2012-06-19,UPDATE 1-Facebook pegs payment service to currencies
2012-06-20,UPDATE 1-Facebook's unique visitors slipped in May-comScore
2012-06-21,Louisiana sex offenders must soon post their status on Facebook
2012-06-22,Facebook expands ad business to Zynga's website
2012-06-25,UPDATE 2-Facebook taps COO Sandberg to be first woman on board
2012-06-26,UPDATE 1-Zynga plans to build a gamers' social network
2012-06-27,"Not all of Wall Street ""friending"" Facebook"
2012-06-28,"Facebook, LinkedIn boost privacy drive-watchdog"
2012-06-29,UPDATE 1-Facebook Q2 earnings results scheduled for July 26
2012-07-02,UPDATE 1-Ad exec sues Interpublic over Facebook investment
2012-07-03,GM talking with Facebook about advertising again-sources
2012-07-06,"UPDATE 1-Facebook, Yahoo tie up, settle lawsuits"
2012-07-11,UPDATE 1-Judge steps away from Facebook privacy lawsuit
2012-07-12,"Social networks scan for sexual predators, with uneven results"
2012-07-13,Tajikistan launches crackdown on Internet critics
2012-07-17,"Nasdaq, Facebook diverge over IPO lawsuits"
2012-07-18,Knight Capital weighing legal options for Facebook IPO losses
2012-07-19,"Facebook, Wal-Mart chiefs meet to ""deepen"" relationship"
2012-07-20,UPDATE 1-Nasdaq says filing $62 mln Facebook compensation plan
2012-07-21,Nasdaq boosts Facebook compensation plan to $62 million
2012-07-23,Google and Facebook boost federal lobbying in second-quarter
2012-07-24,Knight nears compromise in Nasdaq-Facebook repayment plan-source
2012-07-25,"UPDATE 3-Zynga slashes outlook, denting its stock and Facebook's"
2012-07-26,"CORRECTED-UPDATE 4-Facebook revenue growth skids, shares plunge"
2012-07-27,"Facebook revenue growth skids, shares plunge"
2012-07-29,HOW TO PLAY IT-Liking or hating social media
2012-07-30,"German trainee fined 227,000 euros for illegal Facebook party"
2012-07-31,UBS's huge Facebook loss throws doubt on Nasdaq plan
2012-08-01,Facebook platform partnership director says goodbye
2012-08-02,Hackers hit Major League Baseball teams' Facebook sites
2012-08-03,Nasdaq expects 'significant' new expenses over Facebook IPO
2012-08-06,Russia's Mail.Ru to pay $795 mln in special dividend
2012-08-07,Facebook opens doors to real-money gambling in Britain
2012-08-09,Spanish investor buys Facebook London HQ for $94 mln
2012-08-10,FTC approves final settlement with Facebook over privacy issues
2012-08-14,"RPT-UPDATE 1-Soros, Coleman among few hedge fund fans of Facebook"
2012-08-15,Venture capital feels the heat from ongoing dotcom turmoil
2012-08-16,Facebook shares down in premarket as lockup comes to an end
2012-08-17,"Facebook shares drop 4 percent, hit another low"
2012-08-18,UPDATE 2-Judge rejects Facebook settlement over ad feature
2012-08-20,CORRECTED-UPDATE 1-Facebook director Thiel sold 20 mln shares after lockup
2012-08-21,Facebook's director in spotlight after cashing out
2012-08-22,FTC clears Facebook acquisition of Instagram
2012-08-23,UPDATE 1-UBS says Nasdaq's Facebook compensation plan inadequate
2012-08-25,Facebook envisions swanky new digs as shares sink
2012-08-27,UPDATE 1-SEC reviews 'quiet period' IPO rule after Facebook mess
2012-08-30,Knight says accepts Nasdaq's $62 mln Facebook payback plan
2012-08-31,"Facebook cracks down on fake ""Likes"""
2012-09-04,UPDATE 1-Facebook says no secondary offering to cover tax bill
2012-09-05,BRIEF-Facebook shares up 2.9 percent in premarket trade
2012-09-06,PRESS DIGEST - Financial Times - Sept 7
2012-09-07,Facebook pix spat sparks Philadelphia plane bomb hoax
2012-09-21,"UPDATE 5-Man releases hostage, surrenders to police in Pittsburgh"
2012-09-22,RPT-Police break up disturbances in Dutch town after party invite on Facebook
2012-09-24,Facebook shares drop after Barron's snub
2012-09-25,French government asks Facebook to explain data glitch
2012-09-26,Middle East telcos mull alliance in Facebook fight
2012-09-27,"California schools, employers banned from social media snooping"
2012-09-28,EU lawmaker calls for tighter data rules after Facebook row
2012-10-01,UPDATE 1-Facebook's new pitch to brand advertisers: forget about clicks
2012-10-02,Florida fund manager admits to Facebook and Groupon shares scam
2012-10-03,Facebook lets U.S. users pay to boost visibility of postings
2012-10-04,"Facebook crosses billion threshold, on quest for growth"
2012-10-05,Facebook's head of communications to leave company
2012-10-08,"Facebook pitches new $20 million ""Sponsored Stories"" settlement"
2012-10-16,Facebook opens first international engineering centre in London
2012-10-19,Thiel could invest $150 million in AirBnb - report
2012-10-20,UPDATE 1-Thiel could invest $150 million in AirBnb
2012-10-21,Top Facebook executive quits to join London's Tech City
2012-10-23,UPDATE 4-Facebook mobile revenue grows faster than expected
2012-10-24,BRIEF-Nasdaq says expects SEC to rule on Facebook payback plan by year-end
2012-10-25,UPDATE 1-Russia's Mail.Ru sees display ad slowdown
2012-10-26,"UPDATE 3-Citi fined $2 mln over Facebook IPO, fires two analysts"
2012-10-27,Star Silicon Valley analyst felled by Facebook IPO fallout
2012-10-31,UPDATE 3-Facebook shares fall as lock-up period expires
2012-11-01,Bulgarians use Facebook to expose slipshod police
2012-11-02,UPDATE 1-Facebook's Sandberg sells $7.4 mln in stock
2012-11-06,UPDATE 1-Morgan Stanley seeks to halt Facebook arbitration case
2012-11-08,Facebook's Sandberg sells another $3.75 mln in stock
2012-11-09,"Mail.Ru cuts stakes in Groupon, Facebook, Zygna"
2012-11-12,"Dutch teenagers sentenced in ""Facebook murder"""
2012-11-13,UPDATE 2-Zynga overhauls upper management as CFO departs
2012-11-14,Top hedge funds picked up Facebook amid third quarter crash
2012-11-15,Facebook takes another shot at settling privacy lawsuit
2012-11-16,EXCLUSIVE-Facebook offering e-retailers sales tracking tool
2012-11-20,UPDATE 1-Interpublic exits Facebook
2012-11-21,"Facebook to share data with Instagram, loosen email rules"
2012-11-26,BRIEF-Facebook up in premarket after Bernstein upgrade
2012-11-27,Tajikistan blocks Facebook access to silence critics
2012-11-28,Man who sued Facebook pleads not guilty to fraud
2012-11-29,"UPDATE 1-Facebook, Zynga revamp partnership"
2012-11-30,US STOCKS-Wall Street little changed; Obama to speak on 'fiscal cliff'
2012-12-03,"Facebook voting begins on Instagram data-sharing, email privacy"
2012-12-04,UPDATE 4-Student group takes Facebook privacy gripes to court
2012-12-05,"Instagram's Systrom coy on ad plans, user data"
2012-12-06,U.S. judge names lead plaintiffs in Facebook litigation
2012-12-07,U.S. SEC wrestles with Internet age in Netflix case
2012-12-08,UPDATE 1-US SEC wrestles with Internet age in Netflix case
2012-12-09,Ghana's Mahama wins election - electoral body's Facebook page
2012-12-11,"Intel launches microserver chips, gets nod from Facebook"
2012-12-12,Facebook unveils new privacy controls
2012-12-16,Twitter offered Instagram $525 million deal: report
2012-12-17,UPDATE 2-Massachusetts fines Morgan Stanley over Facebook IPO
2012-12-18,UPDATE 1-Instagram says no plans to put user photos in ads
2012-12-19,Facebook set to bring video ads to news feed - report
2012-12-20,Facebook tests charging users to send certain messages
2012-12-21,California revenue dips in November
2012-12-24,Instagram furor triggers first class action lawsuit
2012-12-28,UPDATE 1-Facebook Instagram use dived after photo fiasco-AppData
2012-12-31,Ban on demanding Facebook passwords among new 2013 state laws
2013-01-02,"BRIEF-Facebook shares up, JPMorgan raises price target"
2013-01-14,"Facebook shares rise in buildup to mystery event, earnings"
2013-01-15,UPDATE 4-Facebook rolls out friends-based search product
2013-01-16,Twitter to open office in social network-crazed Brazil
2013-01-17,Candy Crush Saga leads European charge on Facebook
2013-01-22,RPT-Is Facebook envy making you miserable?
2013-01-23,UPDATE 1-FTC study taking aim at online marketing of booze
2013-01-24,Facebook founder to host fundraiser for New Jersey Gov. Christie
2013-01-25,Yandex says new mobile app is blocked by Facebook
2013-01-30,Facebook CEO plans to grow headcount in 2013
2013-01-31,Facebook starts selling retail gift cards on website
2013-02-01,"CORRECTED-Coming soon to Facebook- more action, battle games"
2013-02-05,"UPDATE 1-Kenya tracks Facebook, Twitter for election ""hate speech"""
2013-02-06,UPDATE 2-Yelp posts bigger-than-expected loss; shares down
2013-02-12,CORRECTED-Neighborhood network Nextdoor raises $21.6 mln
2013-02-13,Facebook execs get judge to toss 4 IPO-related lawsuits
2013-02-15,UPDATE 1-Facebook says target of sophisticated hacking attack
2013-02-16,UPDATE 3-Facebook says it was a target of sophisticated hacking
2013-02-19,"Exclusive: Apple, Macs hit by hackers who targeted Facebook"
2013-02-20,"UPDATE 1-Yahoo goes social, teams with Facebook for site revamp"
2013-02-21,CORRECTED-Facebook blocks access to NBC.com after reports site is infected
2013-02-22,UPDATE 1-Microsoft says small number of its computers hacked
2013-02-23,Microsoft says small number of its computers hacked
2013-02-25,Lawmakers urge Facebook to remove fraudulent Sandy Hook tributes
2013-02-26,Google extends social Web reach to counter Facebook's rise
2013-02-28,UPDATE 2-Facebook buys Microsoft ad technology platform
2013-03-01,UPDATE 2-Facebook to showcase new look for newsfeed March 7
2013-03-04,Facebook hit with fresh IPO-related lawsuit
2013-03-05,UPDATE 1-Facebook hit with fresh IPO-related lawsuit
2013-03-06,UPDATE 1-Facebook taps Genentech veteran for board
2013-03-07,UPDATE 4-Facebook puts focus on photos in new look; may boost ads
2013-03-08,REFILE-UPDATE 4-Facebook puts focus on photos in new look; may boost ads
2013-03-10,Sandberg's hot-button book rings true for Silicon Valley women
2013-03-11,"INSIGHT-On Facebook, app makers face a treacherous path"
2013-03-12,"CORRECTED-INSIGHT-On Facebook, app makers face a treacherous path"
2013-03-13,Netflix allows U.S. users to connect accounts to Facebook
2013-03-14,Facebook may emulate rival Twitter with introduction of hashtags
2013-03-15,Facebook may emulate rival Twitter with introduction of hashtags
2013-03-18,"Students bare souls, and more, on Facebook ""confession"" pages"
2013-03-19,UPDATE 2-Ex-Oregon governor candidate charged in Facebook IPO fraud
2013-03-21,"CORRECTED-Zynga relaunches gaming site, loosens Facebook ties"
2013-03-25,"UPDATE 4-US OKs Nasdaq payback plan for Facebook IPO, UBS unhappy"
2013-03-26,UPDATE 3-Judge recommends Ceglia case vs Facebook be dismissed
2013-03-27,Nasdaq extends deadline for Facebook IPO compensation applications
2013-04-01,"RPT-Youth flock to mobile messaging apps, may be threat to Facebook"
2013-04-02,"Zynga dives into Internet gambling, in the UK"
2013-04-04,UPDATE 4-Facebook aims to take centerstage on Android phones
2013-04-08,UPDATE 1-HTC posts record-low quarterly profit after delayed phone launch
2013-04-09,GM says to run ads on Facebook once again
2013-04-10,BRIEF-Facebook shares rise 1.7 pct in premarket trading
2013-04-11,RPT-Facebook's Zuckerberg calls for U.S. immigration reform
2013-04-12,Nasdaq slashes Greifeld's bonus over botched Facebook IPO
2013-04-14,Justin Bieber takes heat for hoping Anne Frank would have been fan
2013-04-16,Google's Schmidt sees 1 billion Android phones in use in 9 months
2013-04-23,"Facebook to build data center near Des Moines, Iowa"
2013-04-24,"UPDATE 3-Nasdaq profits hurt by Facebook IPO costs, dark trading"
2013-05-01,UPDATE 2-Facebook's mobile business expands in first quarter
2013-05-02,CORRECTED-UPDATE 3-Facebook's mobile business expands in first quarter
2013-05-05,Facebook still worth probably no more than $25 a share-Barron's
2013-05-08,Target tests if Facebook-driven deals bring shoppers into stores
2013-05-09,Facebook in talks to buy Israel's Waze for up to $1 billion: report
2013-05-12,"Analysis: Google+ struggles to attract brands, some neglect to update"
2013-05-23,Khosla Ventures hires Google veteran Ben Ling
2013-05-24,"UPDATE 1-Google, like Facebook, in talks to buy Waze for $1 bln-report"
2013-05-28,"RPT-The new tech palaces: visionary HQs, or cursed trophies?"
2013-05-29,UPDATE 2-Nasdaq to pay $10 mln to settle SEC charges from Facebook snafu
2013-05-30,COLUMN - Facebook and the outer limits of free speech
2013-06-01,Yelp open to partnering with Facebook's rival offering: CFO
2013-06-05,"Analysis: As Facebook grows up, grand ambitions get reality check"
2013-06-06,"Facebook pares ad options, simplifies marketing tools"
2013-06-07,Facebook denies providing government 'direct access' to servers
2013-06-11,UPDATE 2-Google buys Israel's Waze to keep mobile maps lead
2013-06-12,"Facebook adds 'hashtag' feature, taking a page from Twitter"
2013-06-15,"Facebook got 9,000-10,000 government data requests in second half 2012"
2013-06-18,EXCLUSIVE-Facebook reaches 1 million active advertisers
2013-06-20,Facebook rolls out video for Instagram
2013-06-21,RPT-Facebook admits year-long data breach exposed 6 million users
2013-06-25,Former Oregon politician pleads guilty to Facebook IPO fraud
2013-06-27,"UPDATE 1-In search for effective ads, U.S. TV operators mine viewer data"
2013-06-28,Judge scrutinizes Facebook deal to end privacy lawsuit over ads
2013-06-29,Former police chief Bratton launches a social network for cops
2013-06-30,Seven Saudis jailed for urging protests on Facebook: HRW
2013-07-02,Winklevoss twins plan IPO for Bitcoin-tracking stock
2013-07-12,Fugitive Snowden to seek temporary asylum in Russia
2013-07-17,"Facebook mobile users jumped around 20 pct in US, UK in June"
2013-07-18,"Apple, Google, dozens of others urge U.S. surveillance disclosures"
2013-07-19,"UPDATE 1-Apple, Google, dozens of others urge U.S. surveillance disclosures"
2013-07-23,Facebook blogger goads Zimbabwe's ruling party
2013-07-24,"UPDATE 3-Facebook shares soar as users, mobile ads climb"
2013-07-25,"US STOCKS SNAPSHOT-Facebook's surge lifts Nasdaq, earnings curb Dow and S&P"
2013-07-26,Facebook offers the dummy's guide to mobile advertising
2013-07-30,"US STOCKS-S&P 500, Nasdaq end up as tech gains; potash shares sink"
2013-07-31,US STOCKS-S&P 500 ends flat; Fed gives no word on tapering
2013-08-01,Government requests for Twitter users' data on the rise
2013-08-05,US STOCKS-Wall St slips from record highs; energy stocks hit Dow
2013-08-09,Facebook surfing pays off for some investors
2013-08-12,Facebook plans to buy voice recognition app maker
2013-08-13,"CORRECTED-Facebook reveals daily users for U.S. and UK, data aimed at advertisers"
2013-08-14,UPDATE 2-Soros dumps US Airways as Tiger Consumer likes Facebook
2013-08-15,"Soros dumps US Airways, Tiger Consumer likes Facebook"
2013-08-16,Sandberg's LeanIn.org criticized over call for unpaid intern
2013-08-20,Hacker who exposed Facebook bug to get reward from unexpected source
2013-08-21,UPDATE 2-Facebook-led project seeks Internet access for all
2013-08-22,"INSIGHT-At Apple, Tim Cook leads a quiet cultural revolution"
2013-08-23,UPDATE 3-Rebels smuggling Syria chemical weapons strike evidence to U.N. experts
2013-08-26,REFILE-Nasdaq trading halt exposes communication gaps when crisis hits
2013-08-27,"Facebook says countries sought data on 38,000 users in first half of 2013"
2013-08-28,"In Facebook's first pay vote, tough love from an old friend"
2013-08-29,Facebook considers adding profile photos to facial recognition
2013-09-03,Factbox: Microsoft's patchy deal history
2013-09-05,New Snowden documents say NSA can break common Internet encryption
2013-09-06,"Hungarian dogs draw celebrity interest, but no money"
2013-09-10,UPDATE 1-Internet companies in new effort to disclose more on NSA requests
2013-09-11,Facebook shares break $45 for first time since 2012 IPO
2013-09-12,"Facebook tests auto-play videos, explores video ad potential"
2013-09-13,Twitter takes first step toward going public
2013-09-17,"UPDATE 1-Iran ends brief social media access, calls it glitch"
2013-09-18,Facebook 'like' deserves free speech protection: U.S. court
2013-09-19,France calls for EU to regulate Web giants to counter dominance
2013-09-23,Prominent Cuban dissident economist Oscar Espinosa Chepe dead at 72
2013-09-24,US STOCKS-S&P 500 inches up after string of declines
2013-09-25,"US STOCKS-Wall St ends down for 5th day as budget impasse, Wal-Mart weigh"
2013-09-26,Facebook and Twitter too late for China's Internet
2013-09-27,Facebook and Twitter too late for China's Internet
2013-10-01,Venture-backed IPOs and M&A activity decline in value
2013-10-02,"Cisco, Facebook to work with businesses to expand free Wi-Fi use"
2013-10-03,Facebook helps design housing complex near headquarters
2013-10-04,Mario's Tweets: Twitter celebrity name-dropping reflects novel IPO risk
2013-10-08,US STOCKS-Year's winners lead Wall St lower as default angst rises
2013-10-11,"Google unveils plans for user names, comments to appear in ads"
2013-10-14,UPDATE 1-Onavo buy to boost Facebook's plan to widen Internet access
2013-10-15,Twitter picks NYSE for IPO even as losses widen
2013-10-16,Head of world's Anglicans joins Instagram to push credit unions
2013-10-18,"UPDATE 4-Google shares break $1,000 barrier as mobile pays off"
2013-10-21,Singer Dolly Parton slightly injured in car accident
2013-10-22,Gory videos OK when posted for users to 'condemn': Facebook
2013-10-23,"Facebook removes beheading video, updates violent images standards"
2013-10-24,Student group gets nod for Irish Prism challenge
2013-10-25,UPDATE 2-Nasdaq says FINRA caps Facebook IPO claims at $41.6 mln
2013-10-27,"Wall Street Week Ahead: Focus on Facebook, Apple and the Fed"
2013-10-29,U.S. lawmakers call for action to curb Internet child trading
2013-10-30,Facebook smashes analyst targets but executive comments spook Street
2013-10-31,"US STOCKS-Wall St set to open flat, near record levels"
2013-11-01,Analysis - Facebook's ad warning sounds a note of caution for Twitter
2013-11-02,"California coaches, teacher suspended for donning blackface at costume party"
2013-11-03,RPT-Wall St Week Ahead-Twitter's IPO to provide week's excitement
2013-11-04,UPDATE 6-Twitter boosts IPO range amid strong investor demand
2013-11-07,UPDATE 4-Twitter prices above range to raise at least $1.8 billion
2013-11-08,UPDATE 8-Twitter shares soar in frenzied NYSE debut
2013-11-11,Facebook director Andreessen's firm sells a third of its shares
2013-11-12,STOCK NEWS US-Bearish action is seen in Facebook options
2013-11-13,Snapchat rejected $3 bln buyout offer from Facebook -report
2013-11-14,"UPDATE 1-Sotheby's, BofA, J.C. Penney attract hedge fund buyers"
2013-11-15,"UPDATE 3-Sotheby's, BofA, J.C. Penney attract hedge fund buyers"
2013-11-18,"US STOCKS-Wall St sells off in late session; Dow below 16,000"
2013-11-21,"RESEARCH ALERT-Facebook, Monster Worldwide: FBR starts with outperform - Theflyonthewall.com"
2013-11-25,"RPT-US STOCKS-Wall St flat after Nasdaq tops 4,000; Wal-Mart at record"
2013-11-26,"RPT-INSIGHT-At Web startups, glossy numbers often mean little"
2013-12-02,Twitter stock gets mixed reviews from IPO underwriters
2013-12-03,"Facebook phases in ""Unfollow"" button"
2013-12-04,Brazil delays vote on anti-spying Internet bill -lawmaker
2013-12-09,UPDATE 1-U.S. tech companies call for more controls on surveillance
2013-12-10,U.S. tech companies call for more controls on surveillance
2013-12-11,Facebook to join S&P 500
2013-12-12,US STOCKS-Wall St drops on taper anxiety; Facebook rallies
2013-12-16,Oregon politician gets six years for Facebook IPO fraud
2013-12-17,"Facebook to test video ads, opening new revenue source"
2013-12-18,"Facebook, Zuckerberg, banks must face lawsuit over IPO"
2013-12-19,"US STOCKS-Dow, S&P trade flat; indexes near record highs"
2013-12-23,"US STOCKS-Dow, S&P end at record highs as Apple deal lifts techs"
2013-12-27,Nasdaq to compensate firms on Dec. 31 for botched Facebook IPO
2013-12-29,'Good Morning America' host Robin Roberts reveals same-sex relationship
2013-12-31,Netflix hikes CEO salary by 50 percent for 2014
2014-01-07,Analysis: Social media empowers anti-mining activists
2014-01-08,Facebook to buy Android app monitoring tool maker
2014-01-14,U.S. appeals court strikes down FCC net neutrality rules
2014-01-15,Woman rescued from Nevada motel after six months as captive: police
2014-01-17,"Facebook 'relationships guy' courts Hollywood, media in new push"
2014-01-22,Facebook tests ad network business on other companies' mobile apps
2014-01-24,Sony Pictures buys film rights to Sheryl Sandberg's 'Lean In'
2014-01-28,UPDATE 1-Facebook cites progress on low-power server technology
2014-01-29,BRIEF-Facebook CFO says expects GAAP expenses in 2014 to increase between 35 percent and 40 percent
2014-01-30,RPT-US STOCKS-Wall St rallies on Facebook and GDP; Amazon sinks late
2014-01-31,"Twitter buys patents, seals licensing pact with IBM"
2014-02-03,Web companies give first look at secret U.S. government data requests
2014-02-04,Web companies give first look at secret government data requests
2014-02-10,Facebook's Zuckerberg tops 2013 list of top U.S. philanthropists
2014-02-12,"Scrotum, Hitler, Facebook: Mexican state bans outlandish baby names"
2014-02-13,Nvidia puts plans for new Silicon Valley campus on hold
2014-02-14,"eBay, Facebook and General Motors attract hedge fund buyers"
2014-02-15,"Hedge funds buy GM in fourth-quarter; Soros takes stakes in JP Morgan, Citi"
2014-02-18,Upsetting the app cart: Asian messaging services challenge mobile order
2014-02-19,US STOCKS-Wall St falls after Fed minutes; Facebook down late
2014-02-20,US STOCKS-Wall St rises on factory data; Tesla and Facebook jump
2014-02-21,"RPT-With WhatsApp deal, Sequoia Capital burnishes reputation"
2014-02-22,"UPDATE 1-Facebook's big buy, WhatsApp messaging app, back up after outage"
2014-02-24,What's up for Alibaba's mobile app strategy?
2014-02-25,UPDATE 2-Japan's Line denies report of talks to sell stake to SoftBank
2014-02-26,UPDATE 1-Facebook says makes progress targeting users
2014-02-28,"RPT-Fitch: Facebook, Skype Challenge Telcos' Free Cash Flows"
2014-03-04,UPDATE 1-Facebook in talks to acquire drone company for $60 mln - reports
2014-03-05,UPDATE 1-News reader company Flipboard buys rival Zite from CNN
2014-03-06,MYANMAR PRESS-Over 1.4 mln use Facebook in Myanmar - Voice Daily
2014-03-07,Man who sued Facebook's Zuckerberg must face fraud charges: judge
2014-03-09,Korea's quirky messaging apps go on offensive in text-happy Indonesia
2014-03-13,Facebook CEO Zuckerberg phoned Obama to complain about spying
2014-03-15,Alibaba Group seeking US listing in Q3 - sources
2014-03-16,UPDATE 2-Alibaba picks US for IPO; in talks with six banks for lead roles
2014-03-17,Alibaba picks U.S. for IPO; in talks with six banks for lead roles
2014-03-18,Alibaba to hold US IPO kick off meeting on March 25 - sources
2014-03-19,"UPDATE 1-Alibaba's choice of U.S. IPO spurred by rivals, Hong Kong impasse -sources"
2014-03-20,Alibaba invests $280 million in messaging app Tango
2014-03-21,"UPDATE 1-Obama to meet with U.S. tech executives on privacy, surveillance"
2014-03-22,"CORRECTED-UPDATE 2-Obama meets with U.S. tech executives on privacy, surveillance"
2014-03-24,How Facebook avoided costly suits over hiring from rivals
2014-03-25,Facebook to buy virtual reality goggles maker for $2 billion
2014-03-26,REFILE-US STOCKS-Russia sanctions worry hits Wall St; techs weigh
2014-03-27,"UPDATE 1-Facebook to use satellites, drones to spread the Internet"
2014-03-31,UPDATE 1-Cisco rival Arista Networks files for IPO
2014-04-02,"Apple, Facebook, Google Internet data centers getting greener, report finds"
2014-04-03,Head of Russian social network VK withdraws resignation
2014-04-04,REFILE-Internet companies' growing ambitions spook 51 pct of Americans
2014-04-05,Wall St Week Ahead-Momentum names may see more pain
2014-04-07,Lawsuits deepen shareholder row over 'Russia's Facebook'
2014-04-08,"U.S. stock market may have stumbled, but signals still say 'go'"
2014-04-09,Facebook to require separate mobile app for messages
2014-04-14,UPDATE 1-Facebook plans to provide mobile payment services -FT
2014-04-16,Teenager uses Facebook to save Romania's stray dogs
2014-04-17,Wall Street Week Ahead: Spring fever brings hope for U.S. earnings
2014-04-21,EXCLUSIVE-Fidelity's Danoff looks beyond tech stocks as performance lags
2014-04-22,"US STOCKS-Wall St up for sixth straight session on earnings, healthcare"
2014-04-23,GLOBAL MARKETS-Tech sector brightens as Apple jumps 8 pct
2014-04-24,"GLOBAL MARKETS-Equity indexes up on Apple, Ukraine tempers rise"
2014-04-28,"CORRECTED-US STOCKS-Nasdaq falls, led by Facebook and Amazon; Dow up"
2014-04-29,Ex-Rothschild banker Yao faces tough Alibaba IPO test
2014-04-30,A Minute With: Thomas Middleditch on nerding out in life and on TV
2014-05-01,A Minute With: Thomas Middleditch on nerding out in life and on TV
2014-05-02,"Twitter stock slumps 50 percent as Goldman, Deutsche Bank still say `buy'"
2014-05-06,CORRECTED-UPDATE 1-Do-it-yourselfers inspire hardware renaissance in Silicon Valley
2014-05-07,Factbox: Alibaba's U.S. IPO set to top list of biggest tech deals
2014-05-08,"CORRECTED-Wiretap claims fail against Facebook, Zynga in disclosure lawsuit"
2014-05-09,REFILE-UPDATE 2-Apple close to buying Beats for $3.2 bln -source
2014-05-12,Facebook to open sales office in China -Bloomberg
2014-05-13,Facebook to open sales office in China -Bloomberg
2014-05-18,Facebook developing video-chat app to rival Snapchat -FT
2014-05-19,France's Publicis wins $500 mln deal with Facebook - Ad Age
2014-05-21,ZeniMax sues virtual reality startup Oculus headset technology
2014-05-22,"INSIGHT-As tech millionaires multiply, wealth advisers struggle to connect"
2014-05-27,RPT-Iranian judge summons Facebook CEO for breach of privacy
2014-05-28,UPDATE 1-Provincial attorney general denies reported Facebook CEO summoning - agency
2014-05-29,"Thai military seeks Facebook, Google cooperation with censorship"
2014-05-30,Facebook's Zuckerberg pledges $120 million to Bay Area schools
2014-06-03,Facebook acquires mobile data plan firm Pryte
2014-06-04,"China state media calls for 'severe punishment' for Google, Apple, U.S. tech firms"
2014-06-05,UPDATE 1-WhatsApp co-founder sees challenges in U.S. and other markets
2014-06-06,Blackstone seeded hedge fund Sureview Capital shuts down - sources
2014-06-09,"Zuckerberg, other Facebook directors are sued over pay plan"
2014-06-11,Alabama woman charged for asking fake Facebook friend to kill family
2014-06-16,"UPDATE 4-Alibaba discloses powerful partners, reveals slowing growth"
2014-06-17,"CORRECTED-UPDATE 4-Alibaba discloses powerful partners, reveals slowing growth"
2014-06-18,Data sharing deal with U.S. referred to EU's top court
2014-06-19,VKontakte investors clash over CEO candidates
2014-06-21,"Zimbabwe editor charged with attempted terrorism, insurgency"
2014-06-25,Oculus denies claims by ZeniMax in virtual reality tech lawsuit
2014-06-27,Sri Lankan hardline Buddhists say Facebook accounts blocked after violence
2014-06-29,"Apple, Facebook, Google cheer on San Francisco Gay Pride parade"
2014-06-30,BUSINESS-NEWS-SCHEDULE AT 1230 GMT / 8.30 AM ET
2014-07-01,NYSE to run software tests for trading firms ahead of Alibaba IPO
2014-07-02,Facebook removes hunting photos of Texas teen that raised ire
2014-07-07,"INSIGHT-As millions vape, e-cigarette researchers count puffs, scour Facebook"
2014-07-09,"CORRECTED-INSIGHT-As millions vape, e-cigarette researchers count puffs, scour Facebook"
2014-07-10,Access to Google services within China returns
2014-07-11,"After short revival, Google service disruptions in China return"
2014-07-14,World Cup was biggest social media event ever: Facebook
2014-07-15,UPDATE 1-Japanese messaging app Line files for IPO valued over $10 bln -source
2014-07-17,Facebook tests new 'buy' button for online purchases in U.S.
2014-07-21,UPDATE 1-Yahoo to buy analytics startup Flurry to bolster mobile ad business
2014-07-22,Facebook's Zuckerberg to testify at N.Y. forgery trial -prosecutors
2014-07-23,"UPDATE 3-Facebook beats Wall Street targets, stock hits record high"
2014-07-24,"Facebook goes express to mega-cap status - now valued more than AT&T, Coke"
2014-07-28,UPDATE 1-OkCupid admits to Facebook-style experimenting on customers
2014-07-29,A mixed quarter for bets on U.S. stock volatility
2014-07-30,UPDATE 2-Twitter's surge revives valuation debate
2014-07-31,"Facebook mobile app to offer free, limited Internet in Zambia"
2014-08-01,"Google, Facebook pay for shuttles to use San Francisco bus stops"
2014-08-05,Thousands join Austrian student's class action against Facebook
2014-08-06,"Austrian data activist's suit against Facebook gets 25,000 plaintiffs"
2014-08-07,INDIA PRESS-Facebook joins GSM lobby group COAI-Times of India
2014-08-14,"HIGHLIGHTS-Top U.S. hedge funds up Dollar General, Walgreen stakes"
2014-08-15,Facebook vice president of product management resigns
2014-08-27,"South Korea's Daum, Kakao shareholders approve merger"
2014-09-02,EU mergers and takeovers (Sept 2)
2014-09-03,UPDATE 1-Facebook goes down for some U.S. users
2014-09-04,Silicon Valley builds up in Microsoft's backyard
2014-09-06,Alibaba IPO legal fees dwarf Facebook's
2014-09-08,"UPDATE 1-Twitter testing ""buy"" button on tweets"
2014-09-11,UPDATE 1-Alliance Data to buy Conversant for $2.3 bln
2014-09-12,South Carolina congressman Mark Sanford calls off engagement
2014-09-15,Fraud trial of NY man who claimed Facebook stake delayed to May
2014-09-16,Montreal startup taps crowdfunding for virtual reality headset
2014-09-18,CORRECTED-San Francisco drag queens meet with Facebook over name policy
2014-09-19,"NYSE tests systems, to brief investors before Alibaba's debut"
2014-09-20,Facebook's Oculus unveils new virtual reality prototype device
2014-09-23,"FEATURE-Movies bust out of screen with panoramic, virtual technology"
2014-09-25,Facebook to win EU approval for $19 billion WhatsApp bid: sources
2014-09-28,Instagram reportedly blocked in China amid HK protests
2014-09-29,Israel's Magma raises $150 mln for new venture capital fund
2014-10-02,UPDATE 1-Facebook plans stricter scrutiny for accessing user data
2014-10-03,Facebook wins EU approval for $19 billion WhatsApp bid
2014-10-06,Facebook's WhatsApp acquisition now has price tag of $22 billion
2014-10-09,RPT-Sham investment advisor falsely claims Winklevoss ties: prosecutors
2014-10-12,"French bank, Twitter team up for money transfers via tweets"
2014-10-13,"RPT-French bank, Twitter team up for money transfers via tweets"
2014-10-14,"UPDATE 1-Apple, Facebook will pay for female employees to freeze their eggs"
2014-10-20,Facebook sues lawyers for pursuing dubious Ceglia lawsuit
2014-10-23,Options investors see good times rolling for Facebook
2014-10-28,"UPDATE 5-Facebook warns of increased spending, shares fall"
2014-10-29,US STOCKS-Wall St declines after Fed ends bond-buying program
2014-10-30,"China's Internet chief accuses U.S. of hacking but says talks ""unhindered"""
2014-10-31,UBS cannot arbitrate with Nasdaq over Facebook IPO - court
2014-11-04,"UPDATE 2-British spy chief demands more access to Twitter, Facebook to thwart attacks"
2014-11-06,Facebook launches Ebola charity donation button
2014-11-10,'Kiss of Love' protests rattle Modi's conservative India
2014-11-12,"UPDATE 1-Twitter considers crafting new apps, improving messaging"
2014-11-17,"Intel's upscale bracelet has Google alerts, AT&T data plan"
2014-11-20,"Washington state school gunman's texts warned of violence, suicide"
2014-11-26,Hong Kong protest leaders arrested-student Facebook accounts
2014-12-08,Chinese Internet regulator welcomed at Facebook campus
2014-12-09,U.S. ambassador to UK defends Facebook over soldier's murder
2014-12-10,"Instagram crosses 300 million users, edges past Twitter"
2014-12-12,Facebook dumps Microsoft Web search results
2014-12-16,U.S. startup sues France's Orange over social calling app: FT
2014-12-24,Facebook must face lawsuit over scanning of users' messages: judge
2015-01-05,Facebook acquires voice recognition firm
2015-01-06,Fundraising site Kickstarter drops Amazon for payments
2015-01-08,Facebook buys video startup QuickFire
2015-01-12,"Exclusive: Facebook, Xiaomi discussed possible investment in the Chinese smartphone maker"
2015-01-13,Facebook to issue missing children alerts in U.S.
2015-01-14,REFILE-Facebook launches mobile app offering free Internet in Colombia
2015-01-15,"Facebook's Zuckerberg brings free Internet to Colombia, mute on China"
2015-01-18,Exclusive: Facebook hiring spree hints at ambitions in virtual reality and beyond
2015-01-22,"EU unlikely to support ban on free unlimited Facebook, Spotify"
2015-01-26,Oculus VR forms in-house studio for virtual reality movies
2015-01-27,"Facebook takes blame for service outages, which hit wider Web"
2015-01-28,UPDATE 2-Facebook tops Wall Street revenue target in 4th quarter
2015-01-29,Facebook's new challenge: sell Wall Street on spending
2015-02-10,UPDATE 1-Facebook launches free mobile Internet service in India
2015-02-17,HIGHLIGHTS-Top U.S. hedge funds cut Apple stakes ahead of all-time high
2015-02-22,Facebook shuttle drivers ratify new Teamsters contract-WSJ
2015-02-24,"Facebook counts 2 mln active advertisers, mostly small businesses"
2015-03-02,Ericsson joins with Intel to help telecoms firms get in the cloud
2015-03-03,Facebook's Zuckerberg seeks peace with telcos on Web-for-all push
2015-03-04,Facebook's Instagram rolls out new 'carousel' ads
2015-03-10,U.S. judge revokes bail for missing man accused in Facebook fraud
2015-03-11,Facebook to face U.S. class action over children's online purchases
2015-03-16,Facebook clarifies rules on banned content
2015-03-17,Boeing eyes satellite deal with tech giant this year
2015-03-18,UPDATE 3-Tencent looks to Facebook for inspiration as revenue growth declines
2015-03-24,Family of alleged Facebook fraud fugitive to forfeit bail: U.S. judge
2015-03-25,"UPDATE 1-Facebook brings apps, businesses to Messenger service"
2015-04-01,UPDATE 1-Video streaming service Hulu wins dismissal of U.S. privacy lawsuit
2015-04-13,US STOCKS-Nasdaq near all-time high on lift from tech
2015-04-15,Yahoo and Facebook shares outperform Google in Frankfurt
2015-04-16,Andreessen Horowitz hires Facebook former general counsel Ted Ullyot
2015-04-17,Google's EU showdown offers openings to competitors
2015-04-20,"Fugitive fails to revive Facebook lawsuit, block criminal case"
2015-04-22,REFILE-UPDATE 3-Nokia's maps unit draws further bidders-Manager Magazin
2015-04-23,UPDATE 1-Nasdaq to settle Facebook IPO lawsuit for $26.5 million
2015-04-27,UPDATE 1-Facebook launches video calling in Messenger app
2015-05-02,"SurveyMonkey CEO, husband of Facebook's Sandberg, dies"
2015-05-06,Facebook's Sandberg speaks at husband's memorial
2015-05-13,Facebook ties up with 9 publishers to directly inject news
2015-05-15,Facebook 'tramples European privacy law': Belgian watchdog
2015-05-22,Founder of Facebook's Oculus hit with lawsuit
2015-06-09,Top stock picks split on generational lines
2015-06-10,Exclusive: Facebook earns 51 percent of ad revenue overseas
2015-06-11,"Facebook shareholders shoot down 'one share, one vote' proposal"
2015-06-15,Facebook plans new data centre in growing Irish cloud hub
2015-06-22,Airbnb poaches Brazilian Facebook executive in Olympic push
2015-06-23,US STOCKS-Wall St edges up in quiet session; Nasdaq ends at record
2015-06-25,UPDATE 1-Dutch court: Facebook must turn over user data in sex video case
2015-07-07,Facebook executive Sheryl Sandberg joins board of SurveyMonkey
2015-07-08,"Hackers of Apple, Facebook seen as independent group seeking money"
2015-07-13,US STOCKS-Wall Street surges on Greek deal; tech stocks rally
2015-07-16,Facebook's Oculus buys Israel gesture recognition firm Pebbles
2015-07-17,UPDATE 4-Google gains billions in value as YouTube drives ad growth
2015-07-24,Facebook defeats shareholder litigation over IPO
2015-07-29,US STOCKS-Wall St ends higher after Fed leaves investors unruffled
2015-07-30,US STOCKS-Wall Street ends flat; LinkedIn jumps after the bell
2015-08-28,Hedge funds that crowded into same names likely to nurse losses
2015-09-08,Verizon launches trial of mobile video service in test for telecom industry
2015-09-11,BRIEF-Great Portland Estates says has pre-let office space at One Rathbone Square to Facebook UK
2015-09-22,MEDIA-Facebook's restrictions on user data cast a long shadow-WSJ
2015-10-01,"Verizon launches new mobile video service ""go90"""
2015-10-08,"UPDATE 2-From sadness to wow, Facebook launches reaction buttons  beyond like"
2015-10-14,"Peter Thiel, others help home remodeling startup BuildZoom raise $10.6 mln"
2015-11-04,Facebook to launch news app: FT
2015-11-05,US STOCKS-Wall St falls on mixed earnings as jobs report looms
2015-11-08,Snapchat's daily video views triple to 6 billion -report
2015-11-09,Snapchat's daily video views triple to 6 billion - report
2015-11-10,German prosecutor investigates Facebook manager for ignoring racist posts
2015-11-11,UPDATE 2-Facebook reports surge in government requests for data
2015-11-23,Hedge funds' favorite stocks lag broader market -Goldman data
2015-11-25,BRIEF-Lagardere Active to test Facebook's Instant Articles
2015-12-01,Zuckerberg intends to retain majority voting position in Facebook stock for 'foreseeable future'
2015-12-02,Females and felines are top 2015 Instagram stars
2015-12-03,"Facebook's Zuckerberg takes philanthropy into profit, politics"
2015-12-04,Facebook's Zuckerberg: No tax benefit from philanthropic initiative
2015-12-10,Facebook service aimed at professionals to launch in coming months
2015-12-15,Facebook debuts Yelp-like feature to find local businesses
2015-12-16,UPDATE 2-Facebook partners with Uber for ride-hailing service via Messenger
2015-12-17,REFILE-Brazil court orders lifting of suspension of WhatsApp services
2015-12-22,CORRECTED-Top 2015 US stock funds stay defensive heading into 2016
2015-12-29,Facebook must face shareholder class actions over IPO
2015-12-30,Facebook's Free Basics service suspended in Egypt
2015-12-31,UPDATE 1-Some WhatsApp users still facing service disruption
2016-01-04,CORRECTED-UPDATE 1-Year's best U.S. global stock fund sees emerging markets rallying in 2016
2016-01-05,Message apps pose growing risk for China securities regulator
2016-01-06,Facebook's Oculus prices Rift virtual reality headset at $599
2016-01-08,Viacom to allow vote on expanding shareholder rights
2016-01-13,"Google creates virtual reality arm, names key exec to run it"
2016-01-19,"U.S. lawsuit against founder of Facebook's Oculus can proceed, judge says"
2016-01-20,UPDATE 2-News Corp denies rumors of Twitter bid
2016-01-21,UPDATE 1-Facebook launches real-time sports platform
2016-01-26,Facebook's price-earnings ratio near record low ahead of Q4 report
2016-01-27,Google ships five million Cardboard virtual reality devices
2016-01-28,Facebook shares jump 15.5 percent after strong results
2016-01-30,Facebook to prohibit private firearm transactions on its service
2016-02-01,White House welcomes Facebook move to block private gun sales
2016-02-03,U.S. gun traders rush to set up new sites after Facebook firearms ban
2016-02-07,Twitter users decry reported plan to prioritize tweets
2016-02-08,"CORRECTED-US STOCKS-Wall St in selloff mode as techs extend rout, oil falls"
2016-02-09,India introduces net neutrality rules barring Facebook's free Internet
2016-02-10,UPDATE 1-Facebook director Andreessen sorry for India Internet remarks
2016-02-11,Facebook director Andreessen sorry for India Internet remarks
2016-02-12,UPDATE 1-Facebook India MD Kirthiga Reddy stepping down
2016-02-13,Facebook India MD Kirthiga Reddy stepping down
2016-02-24,"Instagram has attracted more than 200,000 advertisers, company says"
2016-02-25,"Google, Facebook, others plan briefs supporting Apple in iPhone case-sources"
2016-02-29,Indonesia says Internet giants need to pay tax or face blockages
2016-03-01,UPDATE 3-Facebook exec jailed in Brazil as court seeks WhatsApp data
2016-03-02,Facebook executive released from jail in Brazil
2016-03-03,Amazon launches two Alexa digital assistant-based gadgets
2016-03-04,UPDATE 2-UK lawmakers say Facebook may have broken tax rules
2016-03-05,Facebook VP says Brazil jailers treated him with respect
2016-03-09,UPDATE 1-Facebook snaps up face-swapping app creator Masquerade
2016-03-15,Facebook's Zuckerberg settles real estate lawsuit for no payout
2016-03-18,"BRIEF-Facebook, Twitter  battling to win right to stream conventional TV programming - NY Post"
2016-03-28,Facebook's Oculus starts shipping Rift virtual reality headset
2016-04-06,"BRIEF-Brookfield, Facebook to enter renewable energy supply agreement in Ireland"
2016-04-07,"Facebook expands live video, challenging TV and web rivals"
2016-04-12,UPDATE 3-Facebook's next frontier: chatbots
2016-04-14,Instagram to add video channels to 'Explore' section
2016-04-18,BRIEF-Facebook Vice President Mike Vernal leaves co- Facebook post
2016-04-19,"Appeals court reverses weapons convictions over photos, Facebook posts"
2016-04-25,UPDATE 1-Facebook developing camera app similar to Snapchat - WSJ
2016-04-27,BRIEF-Facebook CEO Mark Zuckerberg 2015 total compensation of $5 mln vs $6.2 mln in 2014
2016-04-28,"US STOCKS-Wall St recovers as Facebook, M&A cushion BOJ shock"
2016-04-29,"Wall Street sinks on BOJ fears, Icahn comments"
2016-04-30,Facebook hit with lawsuit over plan to issue new stock
2016-05-02,Facebook hit with lawsuit over plan to issue new stock
2016-05-03,Facebook CEO urges Brazilians to decry WhatsApp block
2016-05-04,Brazil lawmakers propose bill to shield WhatsApp
2016-05-06,Facebook loses first round in suit over storing biometric data
2016-05-09,Facebook beverages won't be a thing in China after rare trademark win
2016-05-10,UPDATE 2-U.S. Senate committee questions Facebook over news selection
2016-05-13,"BRIEF-Appaloosa LP takes share stake in Bank Of America, Facebook"
2016-05-15,Facebook's Zuckerberg to meet conservatives on political bias flap
2016-05-16,"BRIEF-Soros Fund Management cuts stake in Alphabet, Facebook"
2016-05-26,"REFILE-UPDATE 2-Microsoft, Facebook to build transatlantic subsea cable"
2016-05-27,"Facebook expands ads on third-party apps, websites to beyond users"
2016-06-03,UPDATE 1-Facebook's Zuckerberg may lose majority voting control if he exits
2016-06-07,EU telecom regulators see free Internet services as next battle
2016-06-10,"UPDATE 2-Line Corp plans dual Tokyo, New York IPO, valuing firm at $5.5 bln"
2016-06-11,"Gawker Media files for bankruptcy, to go up for sale"
2016-06-13,Gawker Media asks for approval of bankruptcy loan from Cerberus
2016-06-14,BRIEF-Facebook Investor urges shareholders to vote for proposal on gender pay gap
2016-06-15,U.S. judge approves Gawker's bankruptcy loan
2016-06-16,Zuckerberg's philanthropy project makes first major investment
2016-06-20,Facebook investors OK new share class to keep Zuckerberg at helm
2016-06-21,BRIEF-Mondelez says renewed global strategic partnership with Facebook
2016-06-22,"Facebook signs deals with media firms, celebrities for Live: WSJ"
2016-06-23,BRIEF-American Express to launch 'Amex bot' for Facebook Messenger
2016-07-05,Twitter names former Facebook technology chief to its board
2016-07-07,U.S. tax agency probes Facebook over Ireland asset transfer
2016-07-08,UPDATE 3-U.S. tax agency investigates Facebook's Ireland asset transfer
2016-07-11,Relatives of Palestinian attack victims sue Facebook for $1 bln in U.S.
2016-07-15,UPDATE 4-Japanese chat app Line soars in New York-Tokyo dual listing
2016-07-20,"Facebook's Messenger hits 1 bln users, after two years as standalone app"
2016-07-26,UPDATE 2-UK Stocks-Factors to watch on July 26
2016-07-27,Facebook revenue jumps on blistering ad sales growth
2016-07-28,UPDATE 1-Facebook shares hit record high as it beats estimates again
2016-07-29,Alphabet and Amazon wind up stellar quarter for big tech
2016-08-03,Apple reports progress in workforce diversity
2016-08-12,"Loeb's Third Point makes more new bets on energy, cuts stake in Dow"
2016-08-15,"BRIEF-Soros Fund Management dissolves stake in Facebook, Netflix"
2016-08-16,"Univision bids for Gawker, challenging Ziff Davis: sources"
2016-08-17,Univision to buy Gawker out of bankruptcy for $135 million
2016-08-25,"WhatsApp relaxes privacy stance, to share phone numbers with Facebook"
2016-08-26,Facebook changes 'Trending' feature to rely less on human editors
2016-08-29,Facebook CEO says group will not become a media company
2016-08-30,Facebook CEO says group will not become a media company
2016-09-02,BRIEF-Facebook users cannot sue as group over advertising data use - BBG
2016-09-12,"Facebook, LinkedIn and Twitter prevail in database patent appeal"
2016-09-22,Instagram says advertisers more than double in six months
2016-09-23,Facebook apologizes for overstating key ad metric
2016-09-30,German lawyer names Facebook's Zuckerberg in hate-speech complaint
2016-10-03,REFILE-UPDATE 1-Facebook launches Marketplace for local buying and selling
2016-10-09,Facebook reports 11 mln GBP UK tax credit as revenues soar
2016-10-10,"Facebook rolls out business software, launches pricing war"
2016-10-11,PRESS DIGEST - Wall Street Journal - Oct 11
2016-10-19,"Morning News Call - India, October 19"
2016-10-25,"BRIEF-Citron's Left says he is long Amazon, short Facebook- Business Insider"
2016-10-27,UPDATE 7-Twitter cuts jobs with eye on 2017 profit; Vine discontinued
2016-10-28,Italy antitrust agency probes WhatsApp messaging service
2016-10-29,"UPDATE 3-EU data protection watchdogs warn WhatsApp, Yahoo on privacy"
2016-10-31,UPDATE 1-Rights groups ask Facebook to clarify policies on content removal
2016-11-02,"Microsoft launches messaging system for businesses, takes on Slack"
2016-11-03,Stocks slip on U.S. election nerves; pound up on Brexit ruling
2016-11-04,UPDATE 1-German prosecutors investigate Facebook over hate postings
2016-11-07,UPDATE 2-UK privacy watchdog says Facebook agrees to suspend using WhatsApp users' data
2016-11-10,"BRIEF-Third Point ups stake in Alphabet & Facebook, cuts in Charter"
2016-11-11,UPDATE 1-Facebook fixes glitch that turned profiles into memorial pages
2016-11-13,Zuckerberg again rejects claims of Facebook impact on U.S. election
2016-11-14,"BRIEF-Appaloosa LP dissolves share stake in Community Health, cuts in GM"
2016-11-15,Facebook's WhatsApp adds secure video calling amid privacy concerns
2016-11-16,CORRECTED-UPDATE 1-Facebook aims for more transparency with video ad data
2016-11-17,BRIEF-Tsai Ventures says its portfolio co CrowdTangle acquired by Facebook
2016-11-18,BRIEF-Facebook Chief Accounting Officer Jas Athwal to resign
2016-11-21,Facebook to expand in UK in latest vote of confidence after Brexit
2016-11-22,IBM invests in UK data centers as tech sector defies Brexit worries
2016-11-23,UPDATE 1-Facebook builds censorship tool to attain China re-entry -NYT
2016-11-29,Facebook users can now play Pac-Man on Messenger app
2016-12-01,Facebook COO Sandberg donates $100 million to donor advised fund
2016-12-05,Web giants to cooperate on removal of extremist content
2016-12-06,Norway's Schibsted to hire more staff to stave off Facebook in classified ads
2016-12-13,Head of Facebook's Oculus steps down to lead new PC VR unit
2016-12-15,Instagram's user base crosses 600 million
2016-12-20,"Better rules, long IPO wait mean secondary market boom for 'unicorns'"
2016-12-21,Facebook inks agreement with 17 universities to streamline research
2017-01-06,BRIEF-Former NBC and CNN News correspondent Campbell Brown to join Facebook to lead its news partnerships team - Facebook post
2017-01-11,Instagram adds advertising to Instagram Stories
2017-01-12,PRESS DIGEST- New York Times business news - Jan 12
2017-01-17,UPDATE 2-Facebook's Zuckerberg questioned at trial over virtual-reality technology
2017-01-18,"Facebook dismissive of censorship, abuse concerns, rights groups allege"
2017-01-19,Facebook to build data centre in Denmark
2017-01-26,UPDATE 2-Xiaomi exec Barra joins Facebook to lead virtual reality business
2017-01-27,"Facebook CEO, facing wave of criticism, stops attempt to force Hawaii land sale"
2017-01-31,"BRIEF-Facebook in discussions to license long-form, tv-quality programming- WSJ, citing cources"
2017-02-01,Facebook's quarterly revenue surges 50.8 pct
2017-02-02,"UPDATE 4-Facebook eases past Wall St estimates, sees spending up in 2017"
2017-02-03,"At Snap, cost of hosting sets high bar for revenue growth"
2017-02-06,Facebook vulnerable to expected changes in key visa program
2017-02-07,BRIEF-Facebook to extend bereavement leave to 20 days for employees to grieve immediate family - COO Sheryl Sandberg
2017-02-08,Snap's older user base slowly growing ahead of IPO -analyst
2017-02-09,BRIEF-MTV's Mina Lefevre to join Facebook as head of originals development- Facebook post
2017-02-10,Facebook to provide ad data for independent audit
2017-02-12,Top Italian official says Facebook must do more against hate speech
2017-02-14,"BRIEF-Soros Fund Management takes in Facebook, ups in T Mobile and Alphabet"
2017-02-15,Hedge funds trim bets on FANG stocks in fourth quarter: filings
2017-02-17,Snap lowers valuation expectations in highly awaited IPO
2017-02-23,Game company seeks to block Facebook from using virtual reality code
2017-02-24,"Beyond phones and 5G, mobile world seeks to reinvent itself"
2017-02-27,Facebook's virtual reality ambitions could be threatened by court order
2017-03-01,Snap advertisers worry about measurement even as they 'lean in'
2017-03-07,German court rejects injunction for Facebook in Syrian selfie case
2017-03-08,WhatsApp tests business chat tools in search for revenue
2017-03-14,Lawmakers grill U.S. military leaders over nude photo sharing scandal
2017-03-15,"Turner, Fox, Viacom to offer advertisers way to laser focus on audience"
2017-03-16,"Apple, Google, Facebook skip legal challenge to new travel ban"
2017-03-17,"UPDATE 3-EU authorities demand changes from Facebook, Google, Twitter"
2017-03-20,Google apologizes to ad clients for YouTube content fiasco
2017-03-21,"Apple drives further into Facebook, Snap territory with video app"
2017-03-22,EU's Vestager says analysing Facebook reply to WhatsApp probe
2017-03-27,Facebook's Messenger app adds live location-sharing
2017-03-29,Firms demand EU deal ensures their survival as May triggers Brexit
2017-04-04,WhatsApp mulls foray into digital payments with India launch
2017-04-06,BRIEF-Facebook announces launch of suggestions from M Assistant for all iOS and Android users in U.S. - Blog
2017-04-07,Facebook virtual reality unit Oculus faces lawsuit over imaging patent
2017-04-10,Facebook's Sandberg says number of monthly advertisers tops 5 mln
2017-04-11,Facebook's EU regulator says close to deal on sharing of WhatsApp data
2017-04-13,Snap shares drop following strong growth by Instagram Stories
2017-04-17,Facebook says it will review handling of violent videos
2017-04-18,Cleveland killing leads Facebook to review handling of videos
2017-04-19,"Inspired by Pokemon Go, Facebook pushes augmented reality"
2017-04-24,Worker's profane Facebook post about boss protected by labor law - 2nd Circuit
2017-04-25,BRIEF-Facebook beginning to test related articles - blog
2017-04-26,Digital ad spend jumps 22 percent to $72.5 bln in 2016 -report
2017-04-27,Canadian police investigate Facebook beating video in murder case
2017-05-02,Wall St eyes Apple and Facebook to fuel new leg of tech rally
2017-05-03,"Facebook tries to fix violent video problem with 3,000 new workers"
2017-05-04,Facebook nears ad-only business model as game revenue falls
2017-05-05,Facebook's virtual reality unit Oculus shutters film studio
2017-05-09,BRIEF-Some Facebook users faced technical issue earlier on Monday; issue now fixed- spokesman
2017-05-10,Lawsuit over Facebook tracking of health-related browsing tossed
2017-05-11,Facebook to play down links to websites with deceptive ads
2017-05-12,"BRIEF-Third Point cuts share stake in Facebook, JPMorgan, ups in Alphabet"
2017-05-15,"Investment firms TPG, Dragoneer reveal stake in Etsy"
2017-05-16,UPDATE 2-Facebook adds Snapchat-like camera filters to Instagram
2017-05-17,Facebook faces EU fine over misleading WhatsApp data - source
2017-05-18,Facebook wins dismissal of U.S. lawsuits linked to terrorism
2017-05-22,Facebook leaked documents show types of content it allows -Guardian
2017-05-24,"Exclusive: Facebook signs BuzzFeed, Vox, others for original video shows - sources"
2017-05-25,UPDATE 1-Facebook's Zuckerberg urges Harvard grads to contemplate risk
2017-05-26,BRIEF-Sumofus urges shareholders to vote for proposal on independent chair for Facebook's board
2017-06-01,"BRIEF-Facebook shareholders reject proposals on fake news, independent chair, based on preliminary results"
2017-06-07,BRIEF-Facebook is planning to move Whatsapp off IBM's public cloud - CNBC
2017-06-09,Digital Realty expands data center reach with DuPont Fabros buy
2017-06-12,U.S. banks launching answer to peer-to-peer payment app Venmo
2017-06-13,"UPDATE 1-Big investors, unfazed by techs' roller coaster, buy 'FANG' stocks"
2017-06-15,UPDATE 3-Snap sinks to IPO price for first time since market debut
2017-06-19,Google tightens measures to remove extremist content on YouTube
2017-06-21,"Facebook gets Indonesia nod for local unit, country's investment chief says"
2017-06-23,Canada's Supreme Court clears way for Facebook privacy lawsuit
2017-06-25,Australia to seek greater powers on encrypted messaging at 'Five eyes' meeting
2017-06-26,UPDATE 1-Facebook in talks to produce original TV-quality shows - WSJ
2017-06-27,Facebook hits 2 billion user mark
2017-06-28,"Facebook hits 2 billion-user mark, doubling in size since 2012"
2017-06-29,Facebook says internet drone lands successfully on second test
2017-06-30,Facebook changes algorithm to curb 'tiny group' of spammers
2017-07-03,Facebook beats privacy lawsuit in U.S. over user tracking
2017-07-07,Facebook to build housing in Silicon Valley for first time
2017-07-09,UPDATE 1-France says Europe should make US companies pay fair share of taxes
2017-07-10,"Facebook's Oculus cuts price of virtual reality set, matching rival"
2017-07-11,Facebook expands ad testing on Messenger globally
2017-07-12,UPDATE 2-Tech firms protest proposed changes to U.S. net neutrality rules
2017-07-13,Murdoch's Fox unlikely to offer remedies in Sky deal - source
2017-07-14,Australia to compel technology firms to provide access to encrypted missives
2017-07-18,"UPDATE 1-Media house Schibsted Q2 beat forecast, hits out at Google and Facebook"
2017-07-19,UPDATE 1-Facebook in talks with publishers on supporting subscription models
2017-07-25,ABC News to target millennials with social video partnership
2017-07-26,"UPDATE 1-Facebook funds Harvard effort to fight election hacking, propaganda"
2017-07-27,US STOCKS-Wall St adds to record rally on strong earnings
2017-07-28,"Google, Facebook show power of ad duopoly as rivals stumble"
2017-07-30,Facebook's Sandberg calls for new policies to boost women's pay
2017-07-31,BRIEF-Ozlo says joining the messenger team at Facebook
2017-08-03,Facebook to step up fact-checking in fight against fake news
2017-08-04,UPDATE 1-Google tests publishing tech similar to Snapchat -source
2017-08-08,BRIEF-Facebook announces updates to clicks and impression reporting
2017-08-09,Snap shares up ahead of results; options traders eye steep stock swing
2017-08-10,Facebook makes new bid for TV viewers with expanded video
2017-08-11,Lithuanian court upholds extradition of man to U.S. in $100 million fraud case
2017-08-14,UPDATE 1-U.S. hedge funds bearish on FAANG stocks in Q2 -SEC filings
2017-08-15,UPDATE 1-Schibsted's sales outlook not threatened by Facebook launch -CFO
2017-08-18,Facebook's Mark Zuckerberg to take 2 months of paternity leave
2017-08-22,TD Ameritrade launches Facebook chatbot
2017-08-23,Facebook picks veteran exec to lead hardware efforts-Business Insider
2017-08-28,"Facebook unveils center to teach Brazilian coders, entrepreneurs"
2017-08-29,Vietnam's Facebook dissidents test the limits of Communist state
2017-08-30,Vietnam's Facebook dissidents test the limits of Communist state
2017-08-31,Gotta have faith: The rise of religious ETFs
2017-09-05,UPDATE 1-Facebook takes the next step to monetize WhatsApp - WSJ
2017-09-06,Facebook digital ads figures differ from census data: analyst
2017-09-07,Facebook says likely Russian-based operation funded U.S. ads with political message
2017-09-08,German competition watchdog to announce Facebook findings by year-end
2017-09-11,Facebook fined 1.2 million euros by Spanish data watchdog
2017-09-12,REFILE-Facebook pays millions for reality show on NFL's Marshawn Lynch
2017-09-13,"EU lost up to 5.4 billion euros in tax revenues from Google, Facebook: report"
2017-09-14,"Facebook won't make cars, Sandberg reassures Germany"
2017-09-15,"Facebook hires AI expert, launches lab in Canada's Montreal"
2017-09-18,BRIEF-Facebook appoints Jennifer Dulski as product leader for the groups team - CPO Chris Cox
2017-09-19,CORRECTED-App Annie's new product offers insight into consumer trends in China
2017-09-20,Facebook to add more human review to ad system: COO Sandberg
2017-09-22,BRIEF-Mark Zuckerberg anticipates selling 35 mln to 75 mln shares of FB stock
2017-09-24,"Internet giants, once above the fray, on the defensive in Washington"
2017-09-25,Breakingviews - Cox: Facebook's about-face is only partial victory
2017-09-26,Russia tells Facebook to localise user data or be blocked
2017-09-27,"U.S. lawmakers ask Facebook, Twitter for information on anti-fracking ads"
2017-09-28,UPDATE 3-Backers withdraw two proposals to list U.S. bitcoin funds
2017-10-03,Slack locks down Oracle partnership targeting enterprises
2017-10-05,Switch IPO the latest to limit investor voting rights
2017-10-10,US STOCKS-Wal-Mart rally pushes Dow to all-time high
2017-10-11,UPDATE 3-Facebook to sell portable headset for virtual reality
2017-10-12,UPDATE 1-Facebook committed to helping investigators release Russia ads -Sandberg
2017-10-13,"U.S. Congress tangles with Facebook, other social media firms over Russia probe"
2017-10-16,Facebook buys teen app tbh
2017-10-17,Deals of the day-Mergers and acquisitions
2017-10-18,Facebook evidence and new laws set free child brides in India
2017-10-19,"UPDATE 3-U.S. lawmakers want crackdown on Facebook, Twitter political ads"
2017-10-20,UPDATE 1-Snap lays off 18 employees in recruiting division
2017-10-23,Facebook tests splitting its News Feed into two
2017-10-24,Facebook dealt setback by EU court adviser in privacy dispute
2017-10-25,EU privacy regulators increase pressure on WhatsApp over data sharing
2017-10-27,"Facebook, Twitter, Google executives to testify at U.S. Senate Russia hearing"
2017-10-28,Facebook hit with misclassification lawsuit targeting sales team members
2017-10-30,Facebook says 126 million Americans may have seen Russia-linked political posts
2017-10-31,"BRIEF-HKT Trust's PCCW Global in consortium with Amazon, Facebook, NTT and others to build cable system"
2017-11-01,Facebook shares Russian reach on Instagram in day two of U.S. lawmaker grilling
2017-11-02,US STOCKS-S&P flat after tax cut plan; Dow climbs to record
2017-11-03,UPDATE 2-WhatsApp messenger hit by temporary outage; Facebook investigating
2017-11-07,"BRIEF-Facebook to introduce peer-to-peer payments to users in UK, France"
2017-11-08,Russia to check if Facebook is complying with law: Ifax
2017-11-14,"BRIEF-Soros Fund Management cuts share stake in Facebook and Twitter, ups in Microsoft"
2017-11-15,"Israel prepares to send tax bills to Facebook, Google -report"
2017-11-16,MEDIA-Philippines taps Facebook for internet infrastructure plan - Inquirer
2017-11-17,"Investors yank $6.8 bln from high yield bonds, 3rd largest outflows-BAML"
2017-11-20,Honda to use Facebook to find owners with defective Takata airbags
2017-11-21,Facebook to meet Russian regulators to discuss compliance: TASS
2017-11-22,Peter Thiel may look to buy Gawker.com - BuzzFeed
2017-11-27,Facebook to expand artificial intelligence to help prevent suicide
2017-11-29,Facebook suspends ability to target ads by excluding racial groups
2017-11-30,Alaska Air investigating sexual harassment claim by Randi Zuckerberg
2017-12-04,"UPDATE 2-Facebook opens new London hub, to create 800 UK jobs"
2017-12-06,"Apple, Facebook find something to praise China for amid internet clamp"
2017-12-07,"REFILE-CORRECTED-US STOCKS-Wall Street rising: Facebook, Alphabet, Lululemon gain"
2017-12-12,UPDATE 1-Facebook to book advertising revenue locally amid political pressure
2017-12-13,BRIEF-Facebook And WWE Launch Live In-Ring Series On Facebook Watch
2017-12-14,Facebook to use its News Feed to push more videos to users
2017-12-15,UPDATE 1-Facebook defends itself against critics of social media
2017-12-19,Facebook to notify users when photos of them are uploaded
2017-12-21,REFILE--FANGtastic stocks top vintage year for global markets
2017-12-22,FANGtastic stocks top vintage year for global markets
2017-12-31,WhatsApp messaging service returns after global outage
2018-01-04,UPDATE 1-CEO Zuckerberg sets 2018 goal: 'fix' Facebook
2018-01-08,"Facebook, Sony/ATV sign music licensing deal"
2018-01-09,Facebook's Oculus to partner with Xiaomi to build VR headsets
2018-01-12,"US STOCKS-Wall St scales record highs on earnings optimism, robust data"
2018-01-13,"UPDATE 2-Facebook's Sandberg, Twitter's Dorsey to leave Disney board"
2018-01-17,"BRIEF-Facebook CEO Mark Zuckerberg says optimistic DACA ""will get solved"""
2018-01-18,WhatsApp inches closer to revenue plan with accounts for businesses
2018-01-20,UPDATE 3-Facebook to prioritize 'trustworthy' news based on surveys
2018-01-21,"Wall Street Week Ahead: Where Netflix goes, Big Tech may follow"
2018-01-22,"With Versailles business summit, Macron seeks to bank on global appeal"
2018-01-23,UPDATE 2-Facebook buys Boston software company that authenticates IDs
2018-01-25,Austrian privacy activist says will sue Facebook in Vienna after EU ruling
2018-01-29,Facebook makes privacy push ahead of strict EU law
2018-01-31,Options traders see outsized stock moves on U.S. tech results
2018-02-01,European tech gets second wind after record-breaking 2017
2018-02-05,Ireland's concerns over EU digital tax gaining wider support: finance minister
2018-02-06,"Snap's user growth, revenue beat analyst expectations"
2018-02-08,"Twitter surprises with revenue turnaround, shares surge"
2018-02-09,Facebook launches $10 mln community leader awards
2018-02-12,German court rules Facebook use of personal data illegal
2018-02-13,UPDATE 2-Norway wealth fund CEO to firms: allow independent directors on your boards
2018-02-14,US STOCKS-What inflation? Apple and Facebook drive Wall St rally
2018-02-15,US STOCKS-Wall St's fight back continues as inflation fears ease
2018-02-16,"Facebook loses Belgian privacy case, faces fine of up to $125 million"
2018-02-17,Facebook faces big challenge to prevent future U.S. election meddling
2018-02-23,"UPDATE 2-Hong Kong to ease rules for secondary listing of US, UK-listed firms"
2018-02-25,"BRIEF-Nokia, Facebook Collaborate For Fixed Wireless Access"
2018-02-26,UPDATE 1-Facebook settles lawsuit over 2012 IPO for $35 million
2018-02-28,Facebook CFO says news feed changes will not have profound impact on ads
2018-03-01,UPDATE 1-Zuckerberg sold nearly $500 mln Facebook stock in February
2018-03-06,BRIEF-BlackBerry files patent infringement lawsuit against Facebook -- online court records
2018-03-09,GRAPHIC-Wall Street has never been so far behind on Netflix
2018-03-12,EU experts' fake news report draws false conclusions: consumer group
2018-03-13,UPDATE 2-Britain to consider taxing digital giants' revenue
2018-03-14,NBC News plans online streaming service to attract younger viewers
2018-03-15,UPDATE 2-EU ready to hit big U.S. tech firms with 3 pct turnover tax
2018-03-17,BRIEF-Facebook Says Suspending Cambridge Analytica And Strategic Communication Laboratories  Group From Its Platform
2018-03-19,Facebook's security chief to leave company -NYT
2018-03-20,Global stocks get lift from oil prices; Fed bets boost dollar
2018-03-21,Slack Technologies builds engineering team to combat outages
2018-03-22,"WRAPUP 3-Facebook apology does little to satisfy lawmakers, Wall Street"
2018-03-23,BRIEF-Cambridge Analytica's Acting CEO Comments on Data Privacy Issue
2018-03-24,U.S. lawmakers formally ask Facebook CEO to testify on user data
2018-03-25,Americans less likely to trust Facebook than rivals on personal data: Reuters/Ipsos poll
2018-03-26,Facebook CEO among those invited to testify at U.S. Senate hearing
2018-03-27,BRIEF-Facebook CEO Mark Zuckerberg Plans To Testify Before Congress On April 12 -  Bloomberg
2018-03-28,Breakingviews - Rocket-fueled stocks finally feel the burn
2018-03-29,UPDATE 1-U.S. stock fund investors pull most cash since February meltdown -Lipper
2018-04-03,BRIEF-Facebook Says Removed 70 Facebook And 65 Instagram Accounts
2018-04-04,Exclusive: Facebook CEO stops short of extending European privacy globally
2018-04-05,UPDATE 4-Facebook shares rise as Zuckerberg soothes investors
2018-04-06,Facebook shares rise as Zuckerberg soothes investors
2018-04-07,Facebook suspends Canadian firm AggregateIQ over data scandal
2018-04-08,Republican senator says Facebook scandals may be 'too big' for company to fix alone
2018-04-09,"UPDATE 5-Zuckerberg ditches T-shirt, apologizes for Facebook mistakes"
2018-04-10,"FACEBOOK SHARES CLOSE WITH BIGGEST DAILY PCT GAIN SINCE APRIL 28, 2016"
2018-04-11,Instagram to allow users to download their data
2018-04-12,Russia asks Facebook how it complies with data law - Ifax
2018-04-13,UPDATE 2-Facebook CEO's compensation jumps to $8.9 mln as security costs soar
2018-04-15,Facebook fuels broad privacy debate by tracking non-users
2018-04-16,Exclusive: BlackRock's biggest stock-picking fund likes Facebook shares
2018-04-17,Tech companies to be forced to give police overseas data under EU proposal
2018-04-18,Investor urges Facebook to set up risk oversight committee
2018-04-19,Facebook says users must accept targeted ads even under new EU law
2018-04-20,GRAPHIC-Take Five: World markets themes for the week ahead
2018-04-21,Acxiom CEO says data industry bracing for regulation
2018-04-23,REFILE-UPDATE 1-High-profile investors bet on stocks tied to millennials -Sohn Conference
2018-04-24,High-profile investors bet on stocks tied to millennials: Sohn Conference
2018-04-25,Breakingviews - Facebooks future could look like Microsofts past
2018-04-26,Facebook slammed by UK lawmakers as CTO promises transparency overhaul
2018-04-27,Amazon boosts stocks as U.S. 10-year Treasury yields retreat
2018-04-30,UPDATE 3-WhatsApp co-founder to quit in loss of privacy advocate at Facebook
2018-05-01,BRIEF-Paychex Collaborates With Workplace By Facebook
2018-05-02,Facebook employee fired over bragging about access to user information
2018-05-03,BRIEF-Schibsted says not seeing strong competition from Facebook Marketplace
2018-05-07,Wind farms boost tax base for local U.S. governments -Moody's
2018-05-08,"BRIEF-Facebook Says Zients Will Get Annual Retainer Fee Of $50,000 For Service On Board"
2018-05-09,Three-quarters Facebook users as active or more since privacy scandal: Reuters/Ipsos poll
2018-05-10,Facebook asks European users which news sources they trust
2018-05-11,"BRIEF-Facebook Plans To Create Its Own Cryptocurrency - Cheddar, Citing Sources"
2018-05-14,CORRECTED-UPDATE 1-Facebook suspends 200 apps over data misuse investigation
2018-05-15,HIGHLIGHTS -Hedge funds took new stakes in Facebook during first quarter
2018-05-16,U.S. investigating Cambridge Analytica: New York Times
2018-05-17,Ex-Trump aide Bannon promoted 'culture war': Cambridge Analytica whistleblower
2018-05-18,MEDIA-Facebook seeks multilingual staff for a new center monitoring harmful content - El Pais
2018-05-21,Socially responsible funds dump or rethink Facebook over data privacy
2018-05-22,"Facebook director to start after annual meeting, avoid shareholder vote"
2018-05-23,"Facebook users unite! ""Data Labour Union"" launches in Netherlands"
2018-05-24,"Russia to carry out checks on Facebook, Whatsapp: TASS"
2018-05-25,"Austrian data privacy activist takes aim at ""forced consent"""
2018-05-30,Facebook's size no barrier to deals in new areas -executive
2018-05-31,"Facebook says all directors elected, shareholder proposals rejected"
2018-06-01,World's top wealth fund backs activist proposals at Facebook meeting
2018-06-04,"Washington state sues Facebook, Google over election ad disclosure"
2018-06-05,U.S. senators demand answers from Facebook about user privacy data
2018-06-06,"Facebook enlists anchors from CNN, Fox News, Univision for news shows"
2018-06-08,"UPDATE 1-U.S., Canada urge delay in vote on Vietnam's cybersecurity bill"
2018-06-11,Inmarsat could draw more suitors after rejecting EchoStar
2018-06-12,"Facebook launches user review, potential bans for advertisers"
2018-06-13,Uber hires Facebook's product director as its driver product head
2018-06-14,Norwegian wealth fund backed Sorrell's farewell pay at WPP AGM
2018-06-19,"New 'spider' ETF captures Facebook, AT&T in its web"
2018-06-20,What trade war? FAANGs scale new highs
2018-06-21,Index provider MSCI delays decision on unequal voting rights stocks
2018-06-26,Facebook eases ban on cryptocurrency related ads
2018-06-28,US court halves $500 mln verdict in Facebook virtual reality lawsuit
2018-06-29,Nordic power surge will not deter Facebook's data centre plans
2018-07-03,US STOCKS-Dips in Facebook and Apple leave Wall Street lower
2018-07-05,"INSIGHT-As inflation soars, Facebook drives trading in Argentina's barter clubs"
2018-07-06,"As inflation soars, Facebook drives trading in Argentina's barter clubs"
2018-07-10,UPDATE 1-WhatsApp launches Indian media blitz to dispel fake news woes
2018-07-11,Facebook faces small but symbolic UK fine over data protection breaches
2018-07-17,UPDATE 1-Social media companies defend filtering practices before Congress
2018-07-20,WhatsApp to limit message forwarding
2018-07-24,UPDATE 3-Facebook plans innovation hub in China despite tightening censorship
2018-07-25,US STOCKS-Wall St rises as Trump touts EU trade concessions
2018-07-26,"Facebook sends Nasdaq tumbling, but trade optimism boosts Dow"
2018-07-27,UPDATE 1-Facebook is sued after stock plunge 'shocked' market
2018-07-31,DoubleLine's Gundlach: Short-maturity U.S. Treasuries look attractive
2018-08-01,WhatsApp to start charging business users
2018-08-02,UPDATE 2-Apple in touch with Chinese telcos on ways to cut spam
2018-08-04,"Facebook fakers get better at covering tracks, security experts say"
2018-08-06,"Apple, YouTube, and others drop conspiracy theorist Alex Jones"
2018-08-09,L'Oreal adds to Facebook sales push with virtual make-up tests
2018-08-10,Facebook pages with large U.S. following to require more authorization
2018-08-13,UPDATE 1-Soccer-La Liga announces landmark free-to-air deal with Facebook in India
2018-08-14,Liga announces landmark free-to-air deal with Facebook in India
2018-08-15,"Soros Fund Management adds popular tech names, BlackRock in second quarter"
2018-08-16,UPDATE 1-Facebook says it was too slow to fight hate speech in Myanmar
2018-08-20,"Exclusive: Trump says it is 'dangerous' for Twitter, Facebook to ban accounts"
2018-08-22,"Facebook, Twitter dismantle disinformation campaigns tied to Iran and Russia"
2018-08-23,Europe's new data law upends global online advertising
2018-08-27,Facebook ban on army chief silences Myanmar's military mouthpiece
2018-08-28,Instagram says users can now evaluate authenticity of accounts
2018-08-29,"CORRECTED-Facebook, Google platform changes hit Johnston Press sales"
2018-09-04,"CORRECTED-US STOCKS-Wall Street drops as tech stocks, Nike weigh"
2018-09-05,"US STOCKS-Nasdaq falls as U.S. lawmakers grill Facebook, Twitter executives"
2018-09-06,"US STOCKS-Trade jitters and tech woes weigh on S&P, Nasdaq"
2018-09-12,"Tech, media shares find new home in sector overhaul"
2018-09-13,UPDATE 2-California to attend U.S. Justice Department meeting on social media
2018-09-14,Vietnam urges Facebook to open office ahead of controversial cyber law
2018-09-18,Startup headed by Intel's ex-president releases first chips
2018-09-19,Coding platform GitLab enters unicorn club after raising $100 mln
2018-09-20,Facebook and Twitter must comply with EU consumer rules or face sanctions
2018-09-21,U.S. Justice Department may delay meeting on possible social media bias: source
2018-09-23,"RPT-Wall St Week Ahead-Volume spikes on sector reshuffle, quadruple witching"
2018-09-24,Tech index refresh could give under-the-radar names their day in the sun
2018-09-25,UPDATE 4-U.S. Justice Dept meeting with state officials focuses on data privacy
2018-09-26,Facebook unveils new VR headset 'Oculus Quest' for $399
2018-09-27,US STOCKS-Communication services stocks elevate Wall Street
2018-09-28,UPDATE 6-Facebook says big breach exposed 50 million accounts to full takeover
2018-10-01,UPDATE 1-Instagram names Adam Mosseri as new head
2018-10-02,"US STOCKS-Dow closes at record but Facebook drags on S&P, Nasdaq"
2018-10-03,Instagram back up after worldwide outage
2018-10-05,Breakingviews - Facebook is late to fight second existential crisis
2018-10-09,WhatsApp builds system to comply with India's payments data storage norms
2018-10-10,UPDATE 2-Facebook's WhatsApp says has fixed video call security bug
2018-10-11,Amazon says 'breathtaking' class in Facebook job ads age-bias case should be rejected
2018-10-12,"UPDATE 5-Facebook now says data breach affected 29 mln users, details impact"
2018-10-13,"Facebook now says data breach affected 29 million users, details impact"
2018-10-16,Exclusive: Facebook to ban misinformation on voting in upcoming U.S. elections
2018-10-17,"UPDATE 3-At Facebook, public funds join push to remove Zuckerberg as chairman"
2018-10-18,UPDATE 2-Internet provider groups sue Vermont over net neutrality law
2018-10-19,Facebook hires former UK deputy prime minister as head of global affairs
2018-10-20,Brazil election battle rages over Facebook's WhatsApp
2018-10-22,Oculus co-founder to leave Facebook
2018-10-23,Facebook's WhatsApp says no plan to lift forwarding limit in Brazil
2018-10-24,"Google, Facebook executives meet with UK government over no-deal Brexit: Telegraph"
2018-10-25,Breakingviews - Amazons ad initiative is a useful add-on item
2018-10-26,UPDATE 4-Facebook removes fake accounts tied to Iran that lured over 1 mln followers
2018-10-29,CORRECTED-UPDATE 3-Gab.com goes offline after Pittsburgh synagogue shooting
2018-10-30,"CORRECTED-UPDATE 4-Facebook's rise in profit outweighs slow user, sales growth"
2018-10-31,US STOCKS-Wall Street gets lift from strong earnings at end of rough month
2018-11-02,"GLOBAL MARKETS-Bumper US wage data cheers dollar, shares roar on trade hopes"
2018-11-05,Facebook's Cameroon problem: stop online hate stoking conflict
2018-11-07,"Facebook, Google tools reveal political ad removal data"
2018-11-08,Facebook to quadruple size of Dublin international headquarters
2018-11-12,"France to ""embed"" regulators at Facebook in fight against hate speech"
2018-11-15,U.S. senator to query Facebook about report on treatment of critics
2018-11-16,"Facebook defends Russia response, updates plan to curb misbehavior"
2018-11-19,UPDATE 1-Facebook to fund trainee local newspaper reporters in Britain
2018-11-20,Instacart hires Instagram manager to boost growth
2018-11-21,GLOBAL MARKETS-World stocks try to find feet after tech-driven rout
2018-11-27,Former Facebook worker says firm not doing enough to deal with racial discrimination
2018-11-28,US civil rights groups seek secret documents in Facebook encryption fight
2018-11-29,UPDATE 2-Amazon's treatment of sellers comes under scrutiny in Germany
2018-11-30,Instagram's new feature allows users to share stories with smaller group
2018-12-06,"Fed up with Facebook, U.S. fund managers look for alternatives"
2018-12-07,Facebook to buy back additional $9 bln of shares
2018-12-10,Instagram promotes Vishal Shah as head of product
2018-12-12,"UPDATE 4-Police sound ""all clear"" after bomb threat at Facebook's Silicon Valley campus"
2018-12-14,UPDATE 4-Irish regulator investigates Facebook over private photo glitch
2018-12-17,UPDATE 3-DoubleLine's Gundlach says U.S. equities are in long-term bear market
2018-12-18,Facebook's Sandberg cites need to do more after reports of Russia meddling
2018-12-19,Facebook's lead EU regulator 'assessing' NYT report on data sharing
2018-12-20,"UPDATE 2-PE giant KKR cuts buyout price for Australia's MYOB, sending shares tumbling"
2018-12-21,Facebook's new video chat gadget draws trademark fight from startup
2018-12-26,Facebook shares could hit $160 in 2019 -Citron
2018-12-27,"Instagram ""back to normal"" after bug triggers temporary change to feed"
2019-01-04,Breakingviews - A graying Facebook will require a different leader
2019-01-08,"Apple, Facebook propel Wall Street to three-week peak"
2019-01-15,Facebook to invest $300 million to help local news survive
2019-01-16,UPDATE 2-Yelp investor SQN says shares could surge to $55-$65
2019-01-18,Facebook sheds gains after report on potential major fine
2019-01-20,"Facebook backs election integrity, AI initiatives in Germany"
2019-01-23,Facebook takes steps to prevent removed pages from duplicating content
2019-01-25,"Zuckerberg plans to integrate WhatsApp, Instagram and Facebook Messenger - NYT"
2019-01-26,"Zuckerberg to integrate WhatsApp, Instagram and Facebook Messenger: NYT"
2019-01-28,Facebook to set up two regional centers for monitoring election content
2019-01-29,OECD working on plans for minimum corporate tax
2019-01-30,Google disables iPhone app that studied users' digital habits
2019-01-31,US STOCKS-S&P 500's best month since 2015 ends on a high note
2019-02-01,"'Farewell to Facebook', bids Germany's retiring Merkel"
2019-02-04,Breakingviews - Google and Facebook are begging for a watchdog
2019-02-05,"Snap user number flat, but beats Wall St estimate"
2019-02-06,"Chip, electronics veterans join hardware-focused U.S. venture firm"
2019-02-13,"More competition from Facebook, Google in display advertising -Schibsted's MPI CEO"
2019-02-14,U.S. negotiating multibillion-dollar fine with Facebook -report
2019-02-19,Bertelsmann's relaunched call-centre business plans global expansion
2019-02-20,WhatsApp bug lets users bypass new privacy controls
2019-02-21,"EU countries back copyright reforms aimed at Google, Facebook"
2019-02-22,UPDATE 3-NY governor orders probe into Facebook access to data from other apps
2019-02-23,NY governor orders probe into Facebook access to data from other apps
2019-02-26,Facebook will introduce 'clear history' tool this year: CFO
2019-02-28,UPDATE 1-First Facebook investigation to be completed by summer - regulator
2019-03-02,"Facebook sues over sales of fake accounts, likes and followers"
2019-03-05,"UPDATE 2-UN urges social media, investors to promote human rights in Myanmar"
2019-03-06,"U.N. urges social media, investors to promote human rights in Myanmar"
2019-03-07,Zuckerberg says Facebook's future is going big on private chats
2019-03-11,"US STOCKS-Wall St lifted by tech shares, heavyweight Boeing pares losses"
2019-03-12,OECD seeing less corporate opposition to digital era tax revamp
2019-03-14,Apple touts data privacy in TV ad campaign
2019-03-15,"Facebook shares drop as executives quit, Christchurch live-stream shooting stirs outrage"
2019-03-19,"Trump asks why Facebook blocked Dan Scavino, his social media director"
2019-03-20,Facebook agrees to advertising overhaul to settle U.S. discrimination suits
2019-03-21,Facebook says issues fixed after finding user passwords in readable format
2019-03-22,Facebook fixes glitch that exposed millions of user passwords to employees
2019-03-26,"UPDATE 1-Facebook removes accounts from Russia, Iran for ""coordinated inauthentic behavior"""
2019-03-28,UPDATE 5-U.S. charges Facebook with racial discrimination in targeted housing ads
2019-03-29,CORRECTED-Facebook looks to place restrictions on who can go live after Christchurch attack
2019-03-30,Facebook looks to place restrictions on who can go live after Christchurch attack
2019-04-01,Facebook's news page to help publishers make money: Zuckerberg
2019-04-02,UPDATE 1-WhatsApp launches fact-check service to fight fake news during India polls
2019-04-03,"U.S. chip stocks surge on trade deal hopes, Wall Street edges up"
2019-04-04,"US STOCKS-S&P 500, Dow advance with trade talks in focus"
2019-04-09,UPDATE 1-Facebook to clearly explain how it uses consumer data - EU
2019-04-12,UPDATE 1-Russia finds Facebook failed to provide information on data-agencies
2019-04-13,UPDATE 3-Facebook spends $22.6 million to keep Mark Zuckerberg safe
2019-04-16,"Russia: Twitter, Facebook have 9 months to comply with data law -Ifax"
2019-04-17,Facebook working on voice assistant to rival Amazon's Alexa - CNBC
2019-04-18,UPDATE 2-Facebook says it uploaded email contacts of up to 1.5 mln users
2019-04-22,US STOCKS-Wall St pauses as investors await spate of major earnings
2019-04-23,UPDATE 1-INSIGHT-Facebook's flood of languages leaves it struggling to monitor content
2019-04-24,"US STOCKS-Wall Street edges lower, energy stocks fall"
2019-04-25,UPDATE 1-New York investigating Facebook over storage of 'unauthorized' email contacts
2019-04-26,"Facebook files lawsuit against New Zealand company, three people"
2019-04-30,"Facebook's Zuckerberg says working on to make Messenger faster, smaller"
2019-05-01,Facebook overhauls design as it pivots to private messaging
2019-05-03,UPDATE 1-Facebook's settlement with U.S. regulators likely to include WhatsApp - WSJ
2019-05-06,"RPT-FOCUS-Facebook 'labels' posts by hand, posing privacy questions"
2019-05-09,EXPLAINER-What would it take for U.S. regulators to break up Facebook?
2019-05-10,Facebook's Zuckerberg hails French hate speech plan as EU model
2019-05-13,Facebook raises minimum wage for U.S. contract workers to $20/hour
2019-05-14,"Microsoft to spend $100 mln on Kenya, Nigeria tech development hub"
2019-05-15,WRAPUP 3-Big U.S. hedge funds regain ardor for FAANGs in first quarter -filings
2019-05-16,SoftBank leads funding round for Berlin travel startup GetYourGuide
2019-05-17,Facebook breakup would be solution of last resort -EU's Vestager
2019-05-22,"Yet to show its teeth, landmark EU privacy law already a global standard"
2019-05-28,REFILE-Canadian lawmakers fume after Facebook's Zuckerberg snubs invitation
2019-05-29,Breakingviews - Hadas: Facebook could fall into a new-money trap
2019-05-30,Inflatable angry emoji looms over Facebook annual board meeting
2019-05-31,UPDATE 1-Facebook ordered by U.S. judge to turn over data privacy records
2019-06-02,Facebook in talks with U.S. derivatives regulator over digital currency plans -FT
2019-06-03,House panel to probe competition in digital markets
2019-06-04,"UPDATE 1-Facebook investors seek independent chair, citing vote tally"
2019-06-05,"UPDATE 1-Dutch ""Big Brother"" creator sues Facebook over fake Bitcoin ads"
2019-06-07,Exclusive: Facebook suspends app pre-installs on Huawei phones
2019-06-09,UPDATE 1-G20 agrees to wrap up Big Tech tax rules by 2020
2019-06-11,Facebook to unveil new versions of Portal video chat devices this fall
2019-06-12,UPDATE 2-Facebook CEO may have known of questionable privacy practices - WSJ
2019-06-13,Facebook's cryptocurrency-based payments system gets big backers -WSJ
